s_px,X_px,Y_px,x_image_px,y_image_px,segment
0.000000,0.000000,0.000000,242.000000,1218.000000,A lower straight
5.590361,0.000000,5.590361,242.000000,1212.409639,A lower straight
11.180723,0.000000,11.180723,242.000000,1206.819277,A lower straight
16.771084,0.000000,16.771084,242.000000,1201.228916,A lower straight
22.361446,0.000000,22.361446,242.000000,1195.638554,A lower straight
27.951807,0.000000,27.951807,242.000000,1190.048193,A lower straight
33.542169,0.000000,33.542169,242.000000,1184.457831,A lower straight
39.132530,0.000000,39.132530,242.000000,1178.867470,A lower straight
44.722892,0.000000,44.722892,242.000000,1173.277108,A lower straight
50.313253,0.000000,50.313253,242.000000,1167.686747,A lower straight
55.903614,0.000000,55.903614,242.000000,1162.096386,A lower straight
61.493976,0.000000,61.493976,242.000000,1156.506024,A lower straight
67.084337,0.000000,67.084337,242.000000,1150.915663,A lower straight
72.674699,0.000000,72.674699,242.000000,1145.325301,A lower straight
78.265060,0.000000,78.265060,242.000000,1139.734940,A lower straight
83.855422,0.000000,83.855422,242.000000,1134.144578,A lower straight
89.445783,0.000000,89.445783,242.000000,1128.554217,A lower straight
95.036145,0.000000,95.036145,242.000000,1122.963855,A lower straight
100.626506,0.000000,100.626506,242.000000,1117.373494,A lower straight
106.216867,0.000000,106.216867,242.000000,1111.783133,A lower straight
111.807229,0.000000,111.807229,242.000000,1106.192771,A lower straight
117.397590,0.000000,117.397590,242.000000,1100.602410,A lower straight
122.987952,0.000000,122.987952,242.000000,1095.012048,A lower straight
128.578313,0.000000,128.578313,242.000000,1089.421687,A lower straight
134.168675,0.000000,134.168675,242.000000,1083.831325,A lower straight
139.759036,0.000000,139.759036,242.000000,1078.240964,A lower straight
145.349398,0.000000,145.349398,242.000000,1072.650602,A lower straight
150.939759,0.000000,150.939759,242.000000,1067.060241,A lower straight
156.530120,0.000000,156.530120,242.000000,1061.469880,A lower straight
162.120482,0.000000,162.120482,242.000000,1055.879518,A lower straight
167.710843,0.000000,167.710843,242.000000,1050.289157,A lower straight
173.301205,0.000000,173.301205,242.000000,1044.698795,A lower straight
178.891566,0.000000,178.891566,242.000000,1039.108434,A lower straight
184.481928,0.000000,184.481928,242.000000,1033.518072,A lower straight
190.072289,0.000000,190.072289,242.000000,1027.927711,A lower straight
195.662651,0.000000,195.662651,242.000000,1022.337349,A lower straight
201.253012,0.000000,201.253012,242.000000,1016.746988,A lower straight
206.843373,0.000000,206.843373,242.000000,1011.156627,A lower straight
212.433735,0.000000,212.433735,242.000000,1005.566265,A lower straight
218.024096,0.000000,218.024096,242.000000,999.975904,A lower straight
223.614458,0.000000,223.614458,242.000000,994.385542,A lower straight
229.204819,0.000000,229.204819,242.000000,988.795181,A lower straight
234.795181,0.000000,234.795181,242.000000,983.204819,A lower straight
240.385542,0.000000,240.385542,242.000000,977.614458,A lower straight
245.975904,0.000000,245.975904,242.000000,972.024096,A lower straight
251.566265,0.000000,251.566265,242.000000,966.433735,A lower straight
257.156627,0.000000,257.156627,242.000000,960.843373,A lower straight
262.746988,0.000000,262.746988,242.000000,955.253012,A lower straight
268.337349,0.000000,268.337349,242.000000,949.662651,A lower straight
273.927711,0.000000,273.927711,242.000000,944.072289,A lower straight
279.518072,0.000000,279.518072,242.000000,938.481928,A lower straight
285.108434,0.000000,285.108434,242.000000,932.891566,A lower straight
290.698795,0.000000,290.698795,242.000000,927.301205,A lower straight
296.289157,0.000000,296.289157,242.000000,921.710843,A lower straight
301.879518,0.000000,301.879518,242.000000,916.120482,A lower straight
307.469880,0.000000,307.469880,242.000000,910.530120,A lower straight
313.060241,0.000000,313.060241,242.000000,904.939759,A lower straight
318.650602,0.000000,318.650602,242.000000,899.349398,A lower straight
324.240964,0.000000,324.240964,242.000000,893.759036,A lower straight
329.831325,0.000000,329.831325,242.000000,888.168675,A lower straight
335.421687,0.000000,335.421687,242.000000,882.578313,A lower straight
341.012048,0.000000,341.012048,242.000000,876.987952,A lower straight
346.602410,0.000000,346.602410,242.000000,871.397590,A lower straight
350.585170,-0.000381,350.585170,241.999619,867.414830,B smooth transition
354.032067,-0.004784,354.032064,241.995216,863.967936,B smooth transition
357.478989,-0.018339,357.478958,241.981661,860.521042,B smooth transition
360.925997,-0.045936,360.925852,241.954064,857.074148,B smooth transition
364.373206,-0.092213,364.372745,241.907787,853.627255,B smooth transition
367.820805,-0.161560,367.819639,241.838440,850.180361,B smooth transition
371.269061,-0.258126,371.266533,241.741874,846.733467,B smooth transition
374.718331,-0.385818,374.713427,241.614182,843.286573,B smooth transition
378.169068,-0.548311,378.160321,241.451689,839.839679,B smooth transition
381.621820,-0.749049,381.607214,241.250951,836.392786,B smooth transition
385.077233,-0.991249,385.054108,241.008751,832.945892,B smooth transition
388.536050,-1.277907,388.501002,240.722093,829.498998,B smooth transition
391.999104,-1.611800,391.947896,240.388200,826.052104,B smooth transition
395.467317,-1.995494,395.394790,240.004506,822.605210,B smooth transition
398.941688,-2.431342,398.841683,239.568658,819.158317,B smooth transition
402.423292,-2.921495,402.288577,239.078505,815.711423,B smooth transition
405.913261,-3.467902,405.735471,238.532098,812.264529,B smooth transition
409.412783,-4.072314,409.182365,237.927686,808.817635,B smooth transition
412.923085,-4.736293,412.629259,237.263707,805.370741,B smooth transition
416.445422,-5.461209,416.076152,236.538791,801.923848,B smooth transition
419.981070,-6.248250,419.523046,235.751750,798.476954,B smooth transition
423.531305,-7.098425,422.969940,234.901575,795.030060,B smooth transition
427.097400,-8.012564,426.416834,233.987436,791.583166,B smooth transition
430.680606,-8.991330,429.863727,233.008670,788.136273,B smooth transition
434.282144,-10.035216,433.310621,231.964784,784.689379,B smooth transition
437.903195,-11.144553,436.757515,230.855447,781.242485,B smooth transition
441.544885,-12.319513,440.204409,229.680487,777.795591,B smooth transition
445.208281,-13.560114,443.651303,228.439886,774.348697,B smooth transition
448.894375,-14.866223,447.098196,227.133777,770.901804,B smooth transition
452.604083,-16.237562,450.545090,225.762438,767.454910,B smooth transition
456.338232,-17.673709,453.991984,224.326291,764.008016,B smooth transition
460.097560,-19.174108,457.438878,222.825892,760.561122,B smooth transition
463.882702,-20.738066,460.885772,221.261934,757.114228,B smooth transition
467.694193,-22.364763,464.332665,219.635237,753.667335,B smooth transition
471.532463,-24.053254,467.779559,217.946746,750.220441,B smooth transition
475.397830,-25.802471,471.226453,216.197529,746.773547,B smooth transition
479.290504,-27.611233,474.673347,214.388767,743.326653,B smooth transition
483.210581,-29.478244,478.120240,212.521756,739.879760,B smooth transition
487.158047,-31.402100,481.567134,210.597900,736.432866,B smooth transition
491.132775,-33.381295,485.014028,208.618705,732.985972,B smooth transition
495.134529,-35.414222,488.460922,206.585778,729.539078,B smooth transition
499.162962,-37.499179,491.907816,204.500821,726.092184,B smooth transition
503.217621,-39.634372,495.354709,202.365628,722.645291,B smooth transition
507.297950,-41.817921,498.801603,200.182079,719.198397,B smooth transition
511.403292,-44.047863,502.248497,197.952137,715.751503,B smooth transition
515.532891,-46.322155,505.695391,195.677845,712.304609,B smooth transition
519.685898,-48.638683,509.142285,193.361317,708.857715,B smooth transition
523.861375,-50.995259,512.589178,191.004741,705.410822,B smooth transition
528.058299,-53.389632,516.036072,188.610368,701.963928,B smooth transition
532.275565,-55.819487,519.482966,186.180513,698.517034,B smooth transition
536.511995,-58.282454,522.929860,183.717546,695.070140,B smooth transition
540.766337,-60.776108,526.376754,181.223892,691.623246,B smooth transition
545.037278,-63.297976,529.823647,178.702024,688.176353,B smooth transition
549.323439,-65.845539,533.270541,176.154461,684.729459,B smooth transition
553.623392,-68.416237,536.717435,173.583763,681.282565,B smooth transition
557.935656,-71.007477,540.164329,170.992523,677.835671,B smooth transition
562.258707,-73.616630,543.611222,168.383370,674.388778,B smooth transition
566.590983,-76.241041,547.058116,165.758959,670.941884,B smooth transition
570.930890,-78.878030,550.505010,163.121970,667.494990,B smooth transition
575.276808,-81.524899,553.951904,160.475101,664.048096,B smooth transition
579.627093,-84.178935,557.398798,157.821065,660.601202,B smooth transition
583.980089,-86.837411,560.845691,155.162589,657.154309,B smooth transition
588.334129,-89.497596,564.292585,152.502404,653.707415,B smooth transition
592.687542,-92.156756,567.739479,149.843244,650.260521,B smooth transition
597.038661,-94.812157,571.186373,147.187843,646.813627,B smooth transition
601.385825,-97.461073,574.633267,144.538927,643.366733,B smooth transition
605.727387,-100.100786,578.080160,141.899214,639.919840,B smooth transition
610.061722,-102.728594,581.527054,139.271406,636.472946,B smooth transition
614.387227,-105.341811,584.973948,136.658189,633.026052,B smooth transition
618.702332,-107.937776,588.420842,134.062224,629.579158,B smooth transition
623.005503,-110.513855,591.867735,131.486145,626.132265,B smooth transition
627.295249,-113.067443,595.314629,128.932557,622.685371,B smooth transition
631.570125,-115.595972,598.761523,126.404028,619.238477,B smooth transition
635.828743,-118.096913,602.208417,123.903087,615.791583,B smooth transition
640.069771,-120.567781,605.655311,121.432219,612.344689,B smooth transition
644.291942,-123.006139,609.102204,118.993861,608.897796,B smooth transition
648.494058,-125.409602,612.549098,116.590398,605.450902,B smooth transition
652.674996,-127.775841,615.995992,114.224159,602.004008,B smooth transition
656.833712,-130.102588,619.442886,111.897412,598.557114,B smooth transition
660.969246,-132.387641,622.889780,109.612359,595.110220,B smooth transition
665.080726,-134.628865,626.336673,107.371135,591.663327,B smooth transition
669.167374,-136.824199,629.783567,105.175801,588.216433,B smooth transition
673.228507,-138.971660,633.230461,103.028340,584.769539,B smooth transition
677.263543,-141.069348,636.677355,100.930652,581.322645,B smooth transition
681.272003,-143.115445,640.124248,98.884555,577.875752,B smooth transition
685.253514,-145.108228,643.571142,96.891772,574.428858,B smooth transition
689.207812,-147.046064,647.018036,94.953936,570.981964,B smooth transition
693.134742,-148.927422,650.464930,93.072578,567.535070,B smooth transition
697.034262,-150.750872,653.911824,91.249128,564.088176,B smooth transition
700.906440,-152.515091,657.358717,89.484909,560.641283,B smooth transition
704.751459,-154.218867,660.805611,87.781133,557.194389,B smooth transition
708.569609,-155.861106,664.252505,86.138894,553.747495,B smooth transition
712.361292,-157.440831,667.699399,84.559169,550.300601,B smooth transition
716.127018,-158.957190,671.146293,83.042810,546.853707,B smooth transition
719.867397,-160.409458,674.593186,81.590542,543.406814,B smooth transition
723.583141,-161.797043,678.040080,80.202957,539.959920,B smooth transition
727.275056,-163.119492,681.486974,78.880508,536.513026,B smooth transition
730.944035,-164.376488,684.933868,77.623512,533.066132,B smooth transition
734.591055,-165.567862,688.380762,76.432138,529.619238,B smooth transition
738.217162,-166.693595,691.827655,75.306405,526.172345,B smooth transition
741.823470,-167.753819,695.274549,74.246181,522.725451,B smooth transition
745.411146,-168.748825,698.721443,73.251175,519.278557,B smooth transition
748.981402,-169.679066,702.168337,72.320934,515.831663,B smooth transition
752.535484,-170.545160,705.615230,71.454840,512.384770,B smooth transition
756.074658,-171.347897,709.062124,70.652103,508.937876,B smooth transition
759.600204,-172.088241,712.509018,69.911759,505.490982,B smooth transition
763.113396,-172.767332,715.955912,69.232668,502.044088,B smooth transition
766.615496,-173.386498,719.402806,68.613502,498.597194,B smooth transition
770.107741,-173.947249,722.849699,68.052751,495.150301,B smooth transition
773.591327,-174.451290,726.296593,67.548710,491.703407,B smooth transition
777.067403,-174.900521,729.743487,67.099479,488.256513,B smooth transition
780.537059,-175.297041,733.190381,66.702959,484.809619,B smooth transition
784.001313,-175.643152,736.637275,66.356848,481.362725,B smooth transition
787.461107,-175.941367,740.084168,66.058633,477.915832,B smooth transition
790.917298,-176.194409,743.531062,65.805591,474.468938,B smooth transition
794.370651,-176.405219,746.977956,65.594781,471.022044,B smooth transition
797.821837,-176.576960,750.424850,65.423040,467.575150,B smooth transition
801.271428,-176.713017,753.871743,65.286983,464.128257,B smooth transition
804.719900,-176.817007,757.318637,65.182993,460.681363,B smooth transition
808.167634,-176.892779,760.765531,65.107221,457.234469,B smooth transition
811.614921,-176.944422,764.212425,65.055578,453.787575,B smooth transition
815.061965,-176.976264,767.659319,65.023736,450.340681,B smooth transition
818.508901,-176.992881,771.106212,65.007119,446.893788,B smooth transition
821.955801,-176.999099,774.553106,65.000901,443.446894,B smooth transition
825.402695,-177.000000,778.000000,65.000000,440.000000,C left straight
829.466952,-177.000000,782.064257,65.000000,435.935743,C left straight
833.531209,-177.000000,786.128514,65.000000,431.871486,C left straight
837.595466,-177.000000,790.192771,65.000000,427.807229,C left straight
841.659723,-177.000000,794.257028,65.000000,423.742972,C left straight
845.723980,-177.000000,798.321285,65.000000,419.678715,C left straight
849.788237,-177.000000,802.385542,65.000000,415.614458,C left straight
853.852494,-177.000000,806.449799,65.000000,411.550201,C left straight
857.916751,-177.000000,810.514056,65.000000,407.485944,C left straight
861.981008,-177.000000,814.578313,65.000000,403.421687,C left straight
866.045265,-177.000000,818.642570,65.000000,399.357430,C left straight
870.109522,-177.000000,822.706827,65.000000,395.293173,C left straight
874.173779,-177.000000,826.771084,65.000000,391.228916,C left straight
878.238036,-177.000000,830.835341,65.000000,387.164659,C left straight
882.302293,-177.000000,834.899598,65.000000,383.100402,C left straight
886.366550,-177.000000,838.963855,65.000000,379.036145,C left straight
890.430807,-177.000000,843.028112,65.000000,374.971888,C left straight
894.495064,-177.000000,847.092369,65.000000,370.907631,C left straight
898.559321,-177.000000,851.156627,65.000000,366.843373,C left straight
902.623578,-177.000000,855.220884,65.000000,362.779116,C left straight
906.687835,-177.000000,859.285141,65.000000,358.714859,C left straight
910.752092,-177.000000,863.349398,65.000000,354.650602,C left straight
914.816349,-177.000000,867.413655,65.000000,350.586345,C left straight
918.880606,-177.000000,871.477912,65.000000,346.522088,C left straight
922.944863,-177.000000,875.542169,65.000000,342.457831,C left straight
927.009120,-177.000000,879.606426,65.000000,338.393574,C left straight
931.073377,-177.000000,883.670683,65.000000,334.329317,C left straight
935.137634,-177.000000,887.734940,65.000000,330.265060,C left straight
939.201891,-177.000000,891.799197,65.000000,326.200803,C left straight
943.266148,-177.000000,895.863454,65.000000,322.136546,C left straight
947.330406,-177.000000,899.927711,65.000000,318.072289,C left straight
951.394663,-177.000000,903.991968,65.000000,314.008032,C left straight
955.458920,-177.000000,908.056225,65.000000,309.943775,C left straight
959.523177,-177.000000,912.120482,65.000000,305.879518,C left straight
963.587434,-177.000000,916.184739,65.000000,301.815261,C left straight
967.651691,-177.000000,920.248996,65.000000,297.751004,C left straight
971.715948,-177.000000,924.313253,65.000000,293.686747,C left straight
975.780205,-177.000000,928.377510,65.000000,289.622490,C left straight
979.844462,-177.000000,932.441767,65.000000,285.558233,C left straight
983.908719,-177.000000,936.506024,65.000000,281.493976,C left straight
987.972976,-177.000000,940.570281,65.000000,277.429719,C left straight
992.037233,-177.000000,944.634538,65.000000,273.365462,C left straight
996.101490,-177.000000,948.698795,65.000000,269.301205,C left straight
1000.165747,-177.000000,952.763052,65.000000,265.236948,C left straight
1004.230004,-177.000000,956.827309,65.000000,261.172691,C left straight
1008.294261,-177.000000,960.891566,65.000000,257.108434,C left straight
1012.358518,-177.000000,964.955823,65.000000,253.044177,C left straight
1016.422775,-177.000000,969.020080,65.000000,248.979920,C left straight
1020.487032,-177.000000,973.084337,65.000000,244.915663,C left straight
1024.551289,-177.000000,977.148594,65.000000,240.851406,C left straight
1028.615546,-177.000000,981.212851,65.000000,236.787149,C left straight
1032.679803,-177.000000,985.277108,65.000000,232.722892,C left straight
1036.744060,-177.000000,989.341365,65.000000,228.658635,C left straight
1040.808317,-177.000000,993.405622,65.000000,224.594378,C left straight
1044.872574,-177.000000,997.469880,65.000000,220.530120,C left straight
1048.936831,-177.000000,1001.534137,65.000000,216.465863,C left straight
1053.001088,-177.000000,1005.598394,65.000000,212.401606,C left straight
1057.065345,-177.000000,1009.662651,65.000000,208.337349,C left straight
1061.129602,-177.000000,1013.726908,65.000000,204.273092,C left straight
1065.193859,-177.000000,1017.791165,65.000000,200.208835,C left straight
1069.258116,-177.000000,1021.855422,65.000000,196.144578,C left straight
1073.322373,-177.000000,1025.919679,65.000000,192.080321,C left straight
1077.386630,-177.000000,1029.983936,65.000000,188.016064,C left straight
1080.616946,-176.979048,1033.214123,65.020952,184.785877,D left circular bend
1083.569281,-176.885943,1036.164916,65.114057,181.835084,D left circular bend
1086.521616,-176.718416,1039.112421,65.281584,178.887579,D left circular bend
1089.473952,-176.476574,1042.054760,65.523426,175.945240,D left circular bend
1092.426287,-176.160571,1044.990061,65.839429,173.009939,D left circular bend
1095.378622,-175.770607,1047.916455,66.229393,170.083545,D left circular bend
1098.330957,-175.306933,1050.832077,66.693067,167.167923,D left circular bend
1101.283292,-174.769841,1053.735073,67.230159,164.264927,D left circular bend
1104.235628,-174.159675,1056.623593,67.840325,161.376407,D left circular bend
1107.187963,-173.476824,1059.495798,68.523176,158.504202,D left circular bend
1110.140298,-172.721721,1062.349860,69.278279,155.650140,D left circular bend
1113.092633,-171.894847,1065.183961,70.105153,152.816039,D left circular bend
1116.044968,-170.996730,1067.996297,71.003270,150.003703,D left circular bend
1118.997304,-170.027940,1070.785077,71.972060,147.214923,D left circular bend
1121.949639,-168.989095,1073.548527,73.010905,144.451473,D left circular bend
1124.901974,-167.880857,1076.284885,74.119143,141.715115,D left circular bend
1127.854309,-166.703930,1078.992410,75.296070,139.007590,D left circular bend
1130.806644,-165.459064,1081.669378,76.540936,136.330622,D left circular bend
1133.758979,-164.147052,1084.314085,77.852948,133.685915,D left circular bend
1136.711315,-162.768729,1086.924846,79.231271,131.075154,D left circular bend
1139.663650,-161.324972,1089.500000,80.675028,128.500000,D left circular bend
1142.615985,-159.816702,1092.037907,82.183298,125.962093,D left circular bend
1145.568320,-158.244878,1094.536950,83.755122,123.463050,D left circular bend
1148.520655,-156.610500,1096.995539,85.389500,121.004461,D left circular bend
1151.472991,-154.914611,1099.412109,87.085389,118.587891,D left circular bend
1154.425326,-153.158289,1101.785120,88.841711,116.214880,D left circular bend
1157.377661,-151.342653,1104.113062,90.657347,113.886938,D left circular bend
1160.329996,-149.468858,1106.394453,92.531142,111.605547,D left circular bend
1163.282331,-147.538098,1108.627839,94.461902,109.372161,D left circular bend
1166.234667,-145.551602,1110.811800,96.448398,107.188200,D left circular bend
1169.187002,-143.510635,1112.944944,98.489365,105.055056,D left circular bend
1172.139337,-141.416497,1115.025913,100.583503,102.974087,D left circular bend
1175.091672,-139.270520,1117.053383,102.729480,100.946617,D left circular bend
1178.044007,-137.074071,1119.026062,104.925929,98.973938,D left circular bend
1180.996342,-134.828549,1120.942694,107.171451,97.057306,D left circular bend
1183.948678,-132.535383,1122.802060,109.464617,95.197940,D left circular bend
1186.901013,-130.196034,1124.602974,111.803966,93.397026,D left circular bend
1189.853348,-127.811990,1126.344292,114.188010,91.655708,D left circular bend
1192.805683,-125.384771,1128.024903,116.615229,89.975097,D left circular bend
1195.758018,-122.915920,1129.643738,119.084080,88.356262,D left circular bend
1198.710354,-120.407011,1131.199766,121.592989,86.800234,D left circular bend
1201.662689,-117.859640,1132.691996,124.140360,85.308004,D left circular bend
1204.615024,-115.275430,1134.119479,126.724570,83.880521,D left circular bend
1207.567359,-112.656025,1135.481305,129.343975,82.518695,D left circular bend
1210.519694,-110.003094,1136.776607,131.996906,81.223393,D left circular bend
1213.472030,-107.318326,1138.004561,134.681674,79.995439,D left circular bend
1216.424365,-104.603431,1139.164384,137.396569,78.835616,D left circular bend
1219.376700,-101.860136,1140.255339,140.139864,77.744661,D left circular bend
1222.329035,-99.090188,1141.276730,142.909812,76.723270,D left circular bend
1225.281370,-96.295352,1142.227908,145.704648,75.772092,D left circular bend
1228.233705,-93.477406,1143.108266,148.522594,74.891734,D left circular bend
1231.186041,-90.638145,1143.917244,151.361855,74.082756,D left circular bend
1234.138376,-87.779376,1144.654328,154.220624,73.345672,D left circular bend
1237.090711,-84.902920,1145.319047,157.097080,72.680953,D left circular bend
1240.043046,-82.010609,1145.910979,159.989391,72.089021,D left circular bend
1242.995381,-79.104283,1146.429746,162.895717,71.570254,D left circular bend
1245.947717,-76.185793,1146.875019,165.814207,71.124981,D left circular bend
1248.900052,-73.256998,1147.246514,168.743002,70.753486,D left circular bend
1251.852387,-70.319762,1147.543994,171.680238,70.456006,D left circular bend
1254.804722,-67.375956,1147.767270,174.624044,70.232730,D left circular bend
1257.757057,-64.427453,1147.916199,177.572547,70.083801,D left circular bend
1260.709393,-61.476131,1147.990688,180.523869,70.009312,D left circular bend
1263.165480,-59.020080,1147.999985,182.979920,70.000015,E top transition
1265.125319,-57.060241,1147.999595,184.939759,70.000405,E top transition
1267.085159,-55.100402,1147.998172,186.899598,70.001828,E top transition
1269.045001,-53.140562,1147.995107,188.859438,70.004893,E top transition
1271.004847,-51.180723,1147.989860,190.819277,70.010140,E top transition
1272.964703,-49.220884,1147.981954,192.779116,70.018046,E top transition
1274.924573,-47.261044,1147.970972,194.738956,70.029028,E top transition
1276.884466,-45.301205,1147.956558,196.698795,70.043442,E top transition
1278.844390,-43.341365,1147.938412,198.658635,70.061588,E top transition
1280.804354,-41.381526,1147.916290,200.618474,70.083710,E top transition
1282.764370,-39.421687,1147.889999,202.578313,70.110001,E top transition
1284.724449,-37.461847,1147.859395,204.538153,70.140605,E top transition
1286.684601,-35.502008,1147.824384,206.497992,70.175616,E top transition
1288.644838,-33.542169,1147.784916,208.457831,70.215084,E top transition
1290.605171,-31.582329,1147.740983,210.417671,70.259017,E top transition
1292.565607,-29.622490,1147.692621,212.377510,70.307379,E top transition
1294.526156,-27.662651,1147.639902,214.337349,70.360098,E top transition
1296.486823,-25.702811,1147.582933,216.297189,70.417067,E top transition
1298.447614,-23.742972,1147.521858,218.257028,70.478142,E top transition
1300.408532,-21.783133,1147.456850,220.216867,70.543150,E top transition
1302.369576,-19.823293,1147.388111,222.176707,70.611889,E top transition
1304.330747,-17.863454,1147.315873,224.136546,70.684127,E top transition
1306.292040,-15.903614,1147.240389,226.096386,70.759611,E top transition
1308.253449,-13.943775,1147.161935,228.056225,70.838065,E top transition
1310.214967,-11.983936,1147.080809,230.016064,70.919191,E top transition
1312.176583,-10.024096,1146.997324,231.975904,71.002676,E top transition
1314.138287,-8.064257,1146.911811,233.935743,71.088189,E top transition
1316.100066,-6.104418,1146.824610,235.895582,71.175390,E top transition
1318.061904,-4.144578,1146.736076,237.855422,71.263924,E top transition
1320.023786,-2.184739,1146.646571,239.815261,71.353429,E top transition
1321.985696,-0.224900,1146.556461,241.775100,71.443539,E top transition
1323.947616,1.734940,1146.466118,243.734940,71.533882,E top transition
1325.909530,3.694779,1146.375915,245.694779,71.624085,E top transition
1327.871421,5.654618,1146.286223,247.654618,71.713777,E top transition
1329.833272,7.614458,1146.197412,249.614458,71.802588,E top transition
1331.795066,9.574297,1146.109845,251.574297,71.890155,E top transition
1333.756790,11.534137,1146.023877,253.534137,71.976123,E top transition
1335.718430,13.493976,1145.939854,255.493976,72.060146,E top transition
1337.679974,15.453815,1145.858108,257.453815,72.141892,E top transition
1339.641411,17.413655,1145.778958,259.413655,72.221042,E top transition
1341.602733,19.373494,1145.702704,261.373494,72.297296,E top transition
1343.563935,21.333333,1145.629630,263.333333,72.370370,E top transition
1345.525011,23.293173,1145.559994,265.293173,72.440006,E top transition
1347.485960,25.253012,1145.494033,267.253012,72.505967,E top transition
1349.446783,27.212851,1145.431957,269.212851,72.568043,E top transition
1351.407481,29.172691,1145.373947,271.172691,72.626053,E top transition
1353.368059,31.132530,1145.320154,273.132530,72.679846,E top transition
1355.328523,33.092369,1145.270694,275.092369,72.729306,E top transition
1357.288880,35.052209,1145.225650,277.052209,72.774350,E top transition
1359.249140,37.012048,1145.185064,279.012048,72.814936,E top transition
1361.209312,38.971888,1145.148942,280.971888,72.851058,E top transition
1363.169409,40.931727,1145.117243,282.931727,72.882757,E top transition
1365.129439,42.891566,1145.089885,284.891566,72.910115,E top transition
1367.089416,44.851406,1145.066737,286.851406,72.933263,E top transition
1369.049349,46.811245,1145.047618,288.811245,72.952382,E top transition
1371.009248,48.771084,1145.032297,290.771084,72.967703,E top transition
1372.969123,50.730924,1145.020488,292.730924,72.979512,E top transition
1374.928982,52.690763,1145.011850,294.690763,72.988150,E top transition
1376.888830,54.650602,1145.005980,296.650602,72.994020,E top transition
1378.848673,56.610442,1145.002418,298.610442,72.997582,E top transition
1380.808513,58.570281,1145.000639,300.570281,72.999361,E top transition
1382.768352,60.530120,1145.000052,302.530120,72.999948,E top transition
1384.957391,62.719155,1144.997712,304.719155,73.002288,F right elliptical bend
1387.834035,65.595203,1144.942798,307.595203,73.057202,F right elliptical bend
1390.710720,68.468961,1144.814699,310.468961,73.185301,F right elliptical bend
1393.587477,71.338601,1144.613498,313.338601,73.386502,F right elliptical bend
1396.464339,74.202295,1144.339321,316.202295,73.660679,F right elliptical bend
1399.341337,77.058219,1143.992344,319.058219,74.007656,F right elliptical bend
1402.218502,79.904556,1143.572788,321.904556,74.427212,F right elliptical bend
1405.095866,82.739493,1143.080919,324.739493,74.919081,F right elliptical bend
1407.973458,85.561225,1142.517051,327.561225,75.482949,F right elliptical bend
1410.851309,88.367956,1141.881543,330.367956,76.118457,F right elliptical bend
1413.729447,91.157897,1141.174800,333.157897,76.825200,F right elliptical bend
1416.607902,93.929274,1140.397271,335.929274,77.602729,F right elliptical bend
1419.486700,96.680322,1139.549451,338.680322,78.450549,F right elliptical bend
1422.365868,99.409288,1138.631881,341.409288,79.368119,F right elliptical bend
1425.245432,102.114436,1137.645145,344.114436,80.354855,F right elliptical bend
1428.125417,104.794042,1136.589870,346.794042,81.410130,F right elliptical bend
1431.005847,107.446402,1135.466729,349.446402,82.533271,F right elliptical bend
1433.886743,110.069825,1134.276437,352.069825,83.723563,F right elliptical bend
1436.768128,112.662642,1133.019752,354.662642,84.980248,F right elliptical bend
1439.650020,115.223202,1131.697473,357.223202,86.302527,F right elliptical bend
1442.532440,117.749875,1130.310444,359.749875,87.689556,F right elliptical bend
1445.415404,120.241052,1128.859546,362.241052,89.140454,F right elliptical bend
1448.298928,122.695146,1127.345704,364.695146,90.654296,F right elliptical bend
1451.183028,125.110595,1125.769881,367.110595,92.230119,F right elliptical bend
1454.067715,127.485861,1124.133081,369.485861,93.866919,F right elliptical bend
1456.953002,129.819432,1122.436346,371.819432,95.563654,F right elliptical bend
1459.838898,132.109823,1120.680757,374.109823,97.319243,F right elliptical bend
1462.725413,134.355574,1118.867431,376.355574,99.132569,F right elliptical bend
1465.612552,136.555256,1116.997522,378.555256,101.002478,F right elliptical bend
1468.500322,138.707468,1115.072222,380.707468,102.927778,F right elliptical bend
1471.388726,140.810840,1113.092756,382.810840,104.907244,F right elliptical bend
1474.277766,142.864033,1111.060384,384.864033,106.939616,F right elliptical bend
1477.167442,144.865740,1108.976401,386.865740,109.023599,F right elliptical bend
1480.057754,146.814685,1106.842133,388.814685,111.157867,F right elliptical bend
1482.948698,148.709629,1104.658939,390.709629,113.341061,F right elliptical bend
1485.840271,150.549364,1102.428210,392.549364,115.571790,F right elliptical bend
1488.732466,152.332719,1100.151365,394.332719,117.848635,F right elliptical bend
1491.625276,154.058559,1097.829855,396.058559,120.170145,F right elliptical bend
1494.518692,155.725785,1095.465157,397.725785,122.534843,F right elliptical bend
1497.412702,157.333336,1093.058777,399.333336,124.941223,F right elliptical bend
1500.307295,158.880187,1090.612247,400.880187,127.387753,F right elliptical bend
1503.202458,160.365354,1088.127126,402.365354,129.872874,F right elliptical bend
1506.098174,161.787892,1085.604994,403.787892,132.395006,F right elliptical bend
1508.994428,163.146894,1083.047458,405.146894,134.952542,F right elliptical bend
1511.891202,164.441495,1080.456147,406.441495,137.543853,F right elliptical bend
1514.788477,165.670871,1077.832710,407.670871,140.167290,F right elliptical bend
1517.686232,166.834240,1075.178818,408.834240,142.821182,F right elliptical bend
1520.584445,167.930860,1072.496161,409.930860,145.503839,F right elliptical bend
1523.483094,168.960034,1069.786445,410.960034,148.213555,F right elliptical bend
1526.382155,169.921105,1067.051398,411.921105,150.948602,F right elliptical bend
1529.281604,170.813463,1064.292760,412.813463,153.707240,F right elliptical bend
1532.181413,171.636539,1061.512287,413.636539,156.487713,F right elliptical bend
1535.081556,172.389808,1058.711751,414.389808,159.288249,F right elliptical bend
1537.982006,173.072792,1055.892933,415.072792,162.107067,F right elliptical bend
1540.882735,173.685056,1053.057630,415.685056,164.942370,F right elliptical bend
1543.783712,174.226209,1050.207645,416.226209,167.792355,F right elliptical bend
1546.684909,174.695907,1047.344794,416.695907,170.655206,F right elliptical bend
1549.586295,175.093851,1044.470900,417.093851,173.529100,F right elliptical bend
1552.487839,175.419787,1041.587792,417.419787,176.412208,F right elliptical bend
1555.389510,175.673509,1038.697306,417.673509,179.302694,F right elliptical bend
1558.291277,175.854854,1035.801282,417.854854,182.198718,F right elliptical bend
1561.193108,175.963708,1032.901565,417.963708,185.098435,F right elliptical bend
1564.094971,176.000000,1030.000000,418.000000,188.000000,G right straight
1565.605011,176.000000,1028.489960,418.000000,189.510040,G right straight
1567.115051,176.000000,1026.979920,418.000000,191.020080,G right straight
1568.625091,176.000000,1025.469880,418.000000,192.530120,G right straight
1570.135131,176.000000,1023.959839,418.000000,194.040161,G right straight
1571.645171,176.000000,1022.449799,418.000000,195.550201,G right straight
1573.155211,176.000000,1020.939759,418.000000,197.060241,G right straight
1574.665252,176.000000,1019.429719,418.000000,198.570281,G right straight
1576.175292,176.000000,1017.919679,418.000000,200.080321,G right straight
1577.685332,176.000000,1016.409639,418.000000,201.590361,G right straight
1579.195372,176.000000,1014.899598,418.000000,203.100402,G right straight
1580.705412,176.000000,1013.389558,418.000000,204.610442,G right straight
1582.215452,176.000000,1011.879518,418.000000,206.120482,G right straight
1583.725493,176.000000,1010.369478,418.000000,207.630522,G right straight
1585.235533,176.000000,1008.859438,418.000000,209.140562,G right straight
1586.745573,176.000000,1007.349398,418.000000,210.650602,G right straight
1588.255613,176.000000,1005.839357,418.000000,212.160643,G right straight
1589.765653,176.000000,1004.329317,418.000000,213.670683,G right straight
1591.275693,176.000000,1002.819277,418.000000,215.180723,G right straight
1592.785734,176.000000,1001.309237,418.000000,216.690763,G right straight
1594.295774,176.000000,999.799197,418.000000,218.200803,G right straight
1595.805814,176.000000,998.289157,418.000000,219.710843,G right straight
1597.315854,176.000000,996.779116,418.000000,221.220884,G right straight
1598.825894,176.000000,995.269076,418.000000,222.730924,G right straight
1600.335934,176.000000,993.759036,418.000000,224.240964,G right straight
1601.845975,176.000000,992.248996,418.000000,225.751004,G right straight
1603.356015,176.000000,990.738956,418.000000,227.261044,G right straight
1604.866055,176.000000,989.228916,418.000000,228.771084,G right straight
1606.376095,176.000000,987.718876,418.000000,230.281124,G right straight
1607.886135,176.000000,986.208835,418.000000,231.791165,G right straight
1609.396175,176.000000,984.698795,418.000000,233.301205,G right straight
1610.906215,176.000000,983.188755,418.000000,234.811245,G right straight
1612.416256,176.000000,981.678715,418.000000,236.321285,G right straight
1613.926296,176.000000,980.168675,418.000000,237.831325,G right straight
1615.436336,176.000000,978.658635,418.000000,239.341365,G right straight
1616.946376,176.000000,977.148594,418.000000,240.851406,G right straight
1618.456416,176.000000,975.638554,418.000000,242.361446,G right straight
1619.966456,176.000000,974.128514,418.000000,243.871486,G right straight
1621.476497,176.000000,972.618474,418.000000,245.381526,G right straight
1622.986537,176.000000,971.108434,418.000000,246.891566,G right straight
1624.496577,176.000000,969.598394,418.000000,248.401606,G right straight
1626.006617,176.000000,968.088353,418.000000,249.911647,G right straight
1627.516657,176.000000,966.578313,418.000000,251.421687,G right straight
1629.026697,176.000000,965.068273,418.000000,252.931727,G right straight
1630.536738,176.000000,963.558233,418.000000,254.441767,G right straight
1632.046778,176.000000,962.048193,418.000000,255.951807,G right straight
1633.556818,176.000000,960.538153,418.000000,257.461847,G right straight
1635.066858,176.000000,959.028112,418.000000,258.971888,G right straight
1636.576898,176.000000,957.518072,418.000000,260.481928,G right straight
1638.086938,176.000000,956.008032,418.000000,261.991968,G right straight
1639.596979,176.000000,954.497992,418.000000,263.502008,G right straight
1641.107019,176.000000,952.987952,418.000000,265.012048,G right straight
1642.617059,176.000000,951.477912,418.000000,266.522088,G right straight
1644.127099,176.000000,949.967871,418.000000,268.032129,G right straight
1645.637139,176.000000,948.457831,418.000000,269.542169,G right straight
1647.147179,176.000000,946.947791,418.000000,271.052209,G right straight
1648.657220,176.000000,945.437751,418.000000,272.562249,G right straight
1650.167260,176.000000,943.927711,418.000000,274.072289,G right straight
1651.677300,176.000000,942.417671,418.000000,275.582329,G right straight
1653.187340,176.000000,940.907631,418.000000,277.092369,G right straight
1654.697380,176.000000,939.397590,418.000000,278.602410,G right straight
1656.207420,176.000000,937.887550,418.000000,280.112450,G right straight
1657.717460,176.000000,936.377510,418.000000,281.622490,G right straight
1658.094971,176.000000,936.000000,418.000000,282.000000,G right straight
